{"index_store/data": {"862208d2-9657-41ff-a85f-4fec43f051cd": {"__type__": "vector_store", "__data__": "{\"index_id\": \"862208d2-9657-41ff-a85f-4fec43f051cd\", \"summary\": null, \"nodes_dict\": {\"ff69a59e-744d-4ee2-a2da-af5a95fadaab\": \"ff69a59e-744d-4ee2-a2da-af5a95fadaab\", \"68dcf2e8-59a2-4363-a19e-cd764b866cb2\": \"68dcf2e8-59a2-4363-a19e-cd764b866cb2\", \"fc9686ac-b5c4-4664-a79f-ce8c3650d22c\": \"fc9686ac-b5c4-4664-a79f-ce8c3650d22c\", \"34b646be-371c-4f3f-ba74-c9b0a06b7444\": \"34b646be-371c-4f3f-ba74-c9b0a06b7444\", \"f953eca3-671c-4f89-8b5c-fdc055d6187c\": \"f953eca3-671c-4f89-8b5c-fdc055d6187c\"}, \"doc_id_dict\": {}, \"embeddings_dict\": {}}"}}}